区域,监测点数量,pH值_平均值,pH值_标准差,pH值_中位数,pH值_最小值,pH值_最大值,溶解氧_mg_L_平均值,溶解氧_mg_L_标准差,溶解氧_mg_L_中位数,溶解氧_mg_L_最小值,溶解氧_mg_L_最大值,化学需氧量_mg_L_平均值,化学需氧量_mg_L_标准差,化学需氧量_mg_L_中位数,化学需氧量_mg_L_最小值,化学需氧量_mg_L_最大值,无机氮_mg_L_平均值,无机氮_mg_L_标准差,无机氮_mg_L_中位数,无机氮_mg_L_最小值,无机氮_mg_L_最大值,活性磷酸盐_mg_L_平均值,活性磷酸盐_mg_L_标准差,活性磷酸盐_mg_L_中位数,活性磷酸盐_mg_L_最小值,活性磷酸盐_mg_L_最大值,石油类_mg_L_平均值,石油类_mg_L_标准差,石油类_mg_L_中位数,石油类_mg_L_最小值,石油类_mg_L_最大值
过渡,1573,8.11610298792117,0.12640108251731913,8.1,7.0,8.77,8.280108073744438,2.244534793380204,8.44,0.0,14.24,1.225572790845518,0.4271722803166139,1.16,0.0,3.9,0.21584043229497774,0.23122176734129915,0.166,0.005,3.506,0.0067056579783852524,0.008809790978015939,0.004,0.0,0.134,0.011207247298156389,0.013533918312843785,0.009,0.0,0.327
近岸,608,8.157532894736843,0.14049277445469938,8.14,7.69,8.57,8.751184210526317,1.423174253026822,8.765,4.78,14.03,1.4304736842105263,0.6332319541118525,1.28,0.38,5.49,0.24124506578947372,0.20871170883684745,0.2255,0.004,3.495,0.007294407894736843,0.007785668939467901,0.004,0.0,0.048,0.011789473684210527,0.02725736309487094,0.009,0.0,0.634
远海,1893,8.10811410459588,0.1255658805405494,8.11,7.48,8.62,6.821098784997359,3.7314735252192053,8.02,0.0,14.46,1.2652979397781299,0.569069027552398,1.14,0.0,5.13,0.2121325937665082,0.2729804759172548,0.123,0.002,3.076,0.008725832012678288,0.010479283570524722,0.005,0.0,0.132,0.012677231907025886,0.013612264956225105,0.009,0.0,0.161
