年份,监测点数量,pH值_平均值,溶解氧_mg_L_平均值,化学需氧量_mg_L_平均值,无机氮_mg_L_平均值,活性磷酸盐_mg_L_平均值,石油类_mg_L_平均值
2017,423,8.12952718676123,7.320969267139481,1.133971631205674,0.24347990543735226,0.011016548463356974,0.022092198581560286
2018,449,8.129331848552338,7.314610244988865,1.109955456570156,0.23448106904231625,0.01022271714922049,0.02262583518930958
2019,693,8.068311688311688,7.771818181818183,1.3044199134199135,0.18833044733044735,0.008532467532467532,0.015129870129870129
2020,718,8.139122562674094,7.792701949860724,1.2596935933147633,0.174025069637883,0.006502785515320335,0.011018105849582172
2021,720,8.134833333333333,7.891555555555556,1.337888888888889,0.19678333333333334,0.006511111111111112,0.009294444444444445
2022,634,8.138296529968455,8.209921135646688,1.3566719242902208,0.3258454258675079,0.006670347003154576,0.0044763406940063095
2023,437,8.08745995423341,6.88466819221968,1.3338443935926776,0.173350114416476,0.006297482837528605,0.0031235697940503434
