月份,监测点数量,pH值_平均值,溶解氧_mg_L_平均值,化学需氧量_mg_L_平均值,无机氮_mg_L_平均值,活性磷酸盐_mg_L_平均值,石油类_mg_L_平均值
4,173,8.133815028901735,7.923988439306359,1.1847976878612718,0.18752023121387285,0.0029768786127167633,0.004959537572254336
5,1066,8.0978330206379,8.46467166979362,1.2338761726078797,0.21536022514071296,0.004724202626641651,0.012399624765478423
6,53,8.011698113207547,8.187169811320755,1.199377358490566,0.08028301886792455,0.0036981132075471707,0.02128301886792452
7,504,8.072519841269841,5.850555555555556,1.344251984126984,0.14361706349206352,0.005013888888888889,0.010589285714285714
8,922,8.128481561822126,6.697819956616052,1.3031670281995662,0.2229598698481562,0.008636659436008678,0.014586767895878526
10,1048,8.138826335877862,8.027996183206106,1.241110687022901,0.24474713740458015,0.01098854961832061,0.011398854961832062
11,279,8.179462365591396,9.244301075268817,1.3643189964157707,0.2632186379928315,0.010845878136200717,0.00814695340501792
12,29,8.153103448275862,10.792758620689654,1.6745517241379309,0.4691724137931034,0.024896551724137933,0.02020689655172414
